{"cameraMode":{"drawMode":0,"name":"Shaded","section":"Shading Mode"},"sceneLighting":false,"audioPlay":false,"sceneViewState":{"showFog":true,"showMaterialUpdate":false,"showSkybox":false,"showFlares":true,"showImageEffects":true,"showParticleSystems":true},"in2DMode":false,"pivot":{"x":-0.3745790123939514,"y":0.023099996149539949,"z":-0.11621008813381195},"rotation":{"x":-0.3743334710597992,"y":-0.038091789931058887,"z":0.01535942405462265,"w":-0.9264362454414368},"size":0.04925445467233658,"orthographic":true}