{"cameraMode":{"drawMode":0,"name":"Shaded","section":"Shading Mode"},"sceneLighting":false,"audioPlay":false,"sceneViewState":{"showFog":true,"showMaterialUpdate":false,"showSkybox":false,"showFlares":true,"showImageEffects":true,"showParticleSystems":true},"in2DMode":false,"pivot":{"x":-0.0003982745110988617,"y":-0.023377984762191774,"z":-0.0001109689474105835},"rotation":{"x":0.18420878052711488,"y":-0.03684905171394348,"z":0.006911060307174921,"w":0.9821730256080627},"size":0.1409008800983429,"orthographic":true}