{"cameraMode":{"drawMode":0,"name":"Shaded","section":"Shading Mode"},"sceneLighting":true,"audioPlay":false,"sceneViewState":{"showFog":true,"showMaterialUpdate":false,"showSkybox":true,"showFlares":true,"showImageEffects":true,"showParticleSystems":true},"in2DMode":false,"pivot":{"x":-0.005586370825767517,"y":0.6161143183708191,"z":0.15767087042331696},"rotation":{"x":-0.27686935663223269,"y":-0.09841060638427735,"z":0.028304578736424447,"w":-0.955573320388794},"size":0.728522002696991,"orthographic":false}